,Incidence (leaves),Incidence (bunches),Severity (leaves),Severity (bunches)
XGBoost,0.916666666666667,0.907407407407407,0.87962962962963,0.875
CatBoost,0.925925925925926,0.912037037037037,0.837962962962963,0.902777777777778
Gradient Boosting,0.928240740740741,0.902777777777778,0.847222222222222,0.861111111111111