,Incidence (leaves),Incidence (bunches),Severity (leaves),Severity (bunches)
XGBoost,0.854166666666667,0.854166666666667,0.773148148148148,0.828703703703704
CatBoost,0.861111111111111,0.888888888888889,0.791666666666667,0.800925925925926
Gradient Boosting,0.828703703703704,0.868055555555556,0.75,0.712962962962963
